init_date,em_d01,em_d02,em_d03,em_d04,em_d05,em_d06,em_d07,em_d08,em_d09,em_d10,em_d11,em_d12,em_d13,em_d14,em_d15,es_d01,es_d02,es_d03,es_d04,es_d05,es_d06,es_d07,es_d08,es_d09,es_d10,es_d11,es_d12,es_d13,es_d14,es_d15,hres_d01,hres_d02,hres_d03,hres_d04,hres_d05,hres_d06,hres_d07,hres_d08,hres_d09,hres_d10,hres_d11,hres_d12,hres_d13,hres_d14,hres_d15
2026-07-17,170,162,158,162,165,163,163,172,173,175,178,177,179,177,177,3,4,4,4,4,4,7,7,9,11,12,12,12,12,12,170,161,157,164,164,159,154,171,179,174,,,,,
2026-07-14,179,177,176,171,163,160,164,165,168,173,176,179,181,183,183,3,3,4,3,4,4,6,7,10,14,12,13,11,10,11,178,176,175,171,161,161,165,159,161,165,,,,,
2026-07-15,174,176,170,163,160,161,164,166,166,171,175,173,174,175,175,3,4,3,4,4,5,5,5,8,10,13,14,14,14,13,174,176,170,162,160,161,163,164,171,178,,,,,
2026-07-16,171,171,163,159,162,165,166,168,174,179,178,178,177,178,176,2,3,3,4,4,5,4,6,8,11,12,11,11,11,13,171,170,163,159,159,163,166,163,173,183,,,,,
2026-07-18,160,158,163,164,162,158,169,175,177,177,177,175,174,176,178,3,3,4,3,4,5,7,6,10,10,10,11,11,11,11,159,157,164,163,160,155,171,172,182,181,,,,,
2026-07-19,155,161,162,161,158,170,176,177,175,173,172,174,178,177,177,3,4,4,4,7,7,7,8,9,10,12,13,13,13,14,155,162,159,162,158,174,178,181,166,161,,,,,
2026-07-20,163,162,162,163,174,176,173,174,175,173,175,178,183,184,182,3,3,4,6,4,6,7,8,9,12,13,12,12,11,12,164,162,161,163,173,174,170,177,172,159,,,,,
2026-07-21,162,163,162,173,174,172,172,173,168,166,169,174,175,176,176,3,3,5,4,5,7,7,10,10,9,11,13,12,13,13,160,163,163,173,175,163,163,186,185,168,,,,,
2026-07-22,164,164,174,177,172,172,184,181,174,176,179,178,180,181,181,3,4,4,4,6,6,6,10,11,10,12,13,13,13,14,164,164,174,178,172,165,186,191,185,198,,,,,
2026-07-23,166,174,177,168,170,186,188,184,183,186,187,183,180,181,178,3,4,3,6,5,5,8,13,14,14,15,15,13,13,12,167,176,176,170,174,187,194,181,175,199,,,,,
2026-07-24,172,177,174,171,188,190,183,180,183,184,184,182,181,177,174,3,3,5,4,4,6,11,14,13,13,12,13,13,13,14,171,178,176,173,188,193,187,184,189,204,,,,,
2026-07-25,178,173,173,188,192,184,178,176,178,177,174,175,173,172,172,3,4,4,3,6,9,12,11,12,12,12,13,13,13,13,177,173,171,191,190,188,172,175,176,164,,,,,
2026-07-26,173,171,188,196,187,174,177,182,182,181,180,177,174,174,175,2,4,3,4,6,6,6,8,11,14,14,15,14,13,15,173,171,190,196,188,165,179,184,170,163,,,,,
2026-07-27,171,190,194,183,172,177,181,186,190,182,174,172,173,177,178,3,3,4,5,6,7,8,11,13,14,12,12,11,12,14,170,190,194,185,169,182,184,190,196,176,,,,,
2026-07-28,190,196,183,173,174,180,183,187,183,174,170,170,174,176,177,2,4,5,5,4,7,9,12,14,14,12,11,12,13,14,189,196,180,173,173,182,194,195,163,168,,,,,
2026-07-29,196,183,173,176,180,181,182,172,169,169,172,173,175,176,179,3,3,5,5,7,9,12,12,10,10,11,12,13,12,14,196,182,174,175,179,187,179,163,170,167,,,,,
2026-07-30,182,173,174,179,179,185,176,168,168,173,175,179,180,177,179,2,5,4,6,7,12,13,9,10,13,15,15,15,13,12,182,174,174,178,178,184,173,163,172,175,,,,,
2026-07-31,172,174,175,177,188,190,179,173,173,175,178,182,184,185,182,3,3,6,7,11,11,13,12,12,11,14,13,12,11,11,172,174,175,177,181,192,197,183,164,161,,,,,
2026-08-01,175,175,182,193,192,170,168,173,172,175,180,183,182,178,177,2,4,7,9,7,10,9,11,10,12,13,13,13,13,13,175,175,180,193,196,170,161,173,180,184,,,,,
2026-08-02,176,186,198,194,168,162,172,176,177,176,179,180,179,179,180,3,5,5,4,6,5,9,11,13,14,15,13,11,10,11,176,186,199,195,169,159,167,182,185,199,,,,,
2026-08-03,185,199,193,168,167,182,186,180,178,182,183,176,175,178,181,3,4,4,5,6,7,8,11,14,14,14,13,13,12,13,185,201,195,165,167,188,189,166,163,173,,,,,
2026-08-04,198,191,164,170,187,187,174,180,192,192,185,184,186,182,179,3,3,4,5,6,7,9,11,11,8,11,15,13,10,10,196,192,166,172,190,191,174,178,202,193,,,,,
2026-08-05,190,165,171,188,191,175,180,197,192,183,182,184,180,178,177,3,3,3,4,5,8,11,12,10,12,13,12,12,13,13,190,165,171,190,193,176,191,209,193,189,,,,,
2026-08-06,165,172,189,192,172,171,185,196,190,187,183,180,179,178,177,3,3,3,5,6,9,11,9,6,8,9,11,12,12,14,164,171,188,190,172,177,194,200,191,185,,,,,
2026-08-07,170,187,191,170,170,184,197,190,182,182,180,181,181,178,177,3,3,4,5,8,9,8,6,6,10,11,12,12,11,15,169,186,191,169,168,181,195,190,178,184,,,,,
2026-08-08,187,192,168,169,183,197,195,182,174,174,177,180,181,179,181,2,3,4,6,6,6,8,9,11,13,13,12,12,13,14,187,192,167,167,180,194,196,186,163,165,,,,,
2026-08-09,191,168,165,181,196,193,177,171,170,178,182,181,179,178,175,3,4,5,6,5,8,6,6,11,14,12,14,15,16,15,190,167,166,180,197,199,183,172,166,184,,,,,
2026-08-10,168,169,184,198,200,182,179,179,178,180,182,177,176,175,173,3,5,5,4,6,5,6,10,12,12,11,12,14,13,13,166,168,183,197,197,178,181,180,172,169,,,,,
2026-08-11,167,184,200,198,180,175,175,179,179,173,171,170,170,172,174,4,3,4,5,4,5,10,11,11,12,11,13,14,14,15,167,184,200,203,184,174,169,172,185,178,,,,,
2026-08-12,184,201,198,181,174,177,182,177,173,172,170,169,172,175,175,3,3,4,4,4,10,10,10,12,14,13,11,12,14,14,184,201,198,181,169,173,177,167,168,161,,,,,
2026-08-13,202,198,182,174,174,185,177,174,171,168,168,169,169,172,175,3,3,4,4,11,8,8,11,12,12,13,13,14,13,12,202,198,183,171,173,187,179,183,193,171,,,,,
2026-08-14,199,179,174,178,188,177,175,176,176,174,175,176,173,170,170,2,3,4,8,8,8,9,12,13,14,13,15,16,13,13,199,178,173,180,186,180,182,173,170,169,,,,,
2026-08-15,180,174,175,185,178,175,168,166,166,168,174,177,178,178,177,2,4,5,6,7,11,11,9,9,11,13,13,12,13,14,181,175,176,190,183,181,165,167,167,164,,,,,
2026-08-16,171,171,184,179,177,170,165,166,174,182,182,176,174,174,171,3,4,4,6,9,8,8,8,10,9,9,12,12,12,12,171,171,184,173,177,175,166,156,160,164,,,,,
2026-08-17,173,183,176,172,168,160,163,171,180,183,179,177,176,174,173,3,3,6,8,7,5,7,9,11,10,11,10,11,11,11,174,184,178,173,169,157,164,168,173,179,,,,,
2026-08-18,183,175,169,162,158,163,169,177,182,179,176,175,172,171,170,3,6,6,5,4,6,8,10,9,10,11,10,11,10,11,183,174,164,165,159,159,160,161,180,188,,,,,
2026-08-19,174,168,164,158,167,174,184,189,188,181,180,178,178,175,175,4,5,4,4,5,7,6,6,8,9,9,11,12,12,11,168,168,164,157,168,173,182,193,193,186,,,,,
2026-08-20,167,165,157,167,174,185,193,194,184,181,180,177,175,174,175,4,4,4,4,6,6,5,8,8,7,10,10,10,10,12,165,163,156,165,175,189,193,198,187,183,,,,,
2026-08-21,164,157,165,170,182,191,193,181,177,179,175,172,172,174,173,4,3,4,4,5,5,6,8,9,9,9,9,10,10,11,163,155,164,170,186,193,196,179,176,179,,,,,
2026-08-22,156,164,169,185,189,192,183,181,180,178,176,175,175,177,175,3,4,4,5,4,5,7,6,6,8,10,11,12,11,12,156,163,169,184,188,193,187,186,186,177,,,,,
2026-08-23,165,169,186,189,193,185,180,181,176,171,171,172,172,170,168,4,4,3,3,4,5,7,9,8,8,10,11,13,11,12,162,168,186,189,194,185,186,174,158,153,,,,,
2026-08-24,169,185,189,193,186,182,185,175,171,174,175,175,171,170,171,3,3,3,3,5,6,6,9,9,11,12,11,11,14,15,166,185,187,193,186,184,183,177,176,174,,,,,
2026-08-25,185,190,192,187,186,184,175,176,180,175,172,175,173,172,172,3,3,3,5,5,7,8,8,10,10,13,12,13,12,13,185,189,193,186,187,186,173,173,181,181,,,,,
